{"cameraMode":{"drawMode":0,"name":"Shaded","section":"Shading Mode"},"sceneLighting":true,"audioPlay":false,"sceneViewState":{"showFog":true,"showMaterialUpdate":true,"showSkybox":true,"showFlares":true,"showImageEffects":true,"showParticleSystems":true},"in2DMode":false,"pivot":{"x":4.582956790924072,"y":-2.498626947402954,"z":7.650670051574707},"rotation":{"x":0.1309182494878769,"y":0.12220451980829239,"z":-0.01627754047513008,"w":0.9837203621864319},"size":22.0,"orthographic":false}